,model_step,node_id,lmp,available_capacity_round_0,queue_size_normalized,num_projects,congestion_cost
0,1,,[nan],100,0.02035366894280501,0,
1,2,,[nan],100,0.02035366894280501,0,
2,3,,[nan],100,0.02035366894280501,0,
3,4,,[nan],100,0.02035366894280501,0,
4,5,,[nan],100,0.02035366894280501,0,
